Pclass,Fare,Name,Cabin,SibSp,Survived,Embarked,Sex,Ticket,Age,PassengerId,Parch
3,9.5,"Sheerlinck, Mr. Jan Baptist",,0,1,S,male,345779,29.0,82,0
1,262.375,"Ryerson, Miss. Susan Parker ""Suzette""",B57 B59 B63 B66,2,1,C,female,PC 17608,21.0,743,2
3,7.8958,"Drazenoic, Mr. Jozef",,0,0,C,male,349241,33.0,131,0
3,7.8542,"Andreasson, Mr. Paul Edvin",,0,0,S,male,347466,20.0,92,0
1,86.5,"Cherry, Miss. Gladys",B77,0,1,S,female,110152,30.0,258,0
2,26.0,"Kantor, Mr. Sinai",,1,0,S,male,244367,34.0,100,0
2,15.75,"Watt, Mrs. James (Elizabeth ""Bessie"" Inglis Milne)",,0,1,S,female,C.A. 33595,40.0,162,0
1,49.5042,"Artagaveytia, Mr. Ramon",,0,0,C,male,PC 17609,71.0,494,0
3,14.4542,"Barbara, Mrs. (Catherine David)",,0,0,C,female,2691,45.0,363,1
3,7.925,"Alhomaki, Mr. Ilmari Rudolf",,0,0,S,male,SOTON/O2 3101287,20.0,841,0
3,8.4333,"Kalvik, Mr. Johannes Halvorsen",,0,0,S,male,8475,21.0,653,0
1,211.3375,"Allen, Miss. Elisabeth Walton",B5,0,1,S,female,24160,29.0,731,0
1,31.0,"Blank, Mr. Henry",A31,0,1,C,male,112277,40.0,210,0
1,25.5875,"Colley, Mr. Edward Pomeroy",E58,0,0,S,male,5727,47.0,663,0
3,15.2458,"Touma, Mrs. Darwis (Hanne Youssef Razi)",,0,1,C,female,2650,29.0,256,2
1,151.55,"Cleaver, Miss. Alice",,0,1,S,female,113781,22.0,709,0
3,8.05,"Moore, Mr. Leonard Charles",,0,0,S,male,A4. 54510,,122,0
3,7.65,"Salkjelsvik, Miss. Anna Kristine",,0,1,S,female,343120,21.0,107,0
3,8.6625,"Oreskovic, Mr. Luka",,0,0,S,male,315094,20.0,726,0
2,10.5,"Mudd, Mr. Thomas Charles",,0,0,S,male,S.O./P.P. 3,16.0,842,0
1,78.85,"Cavendish, Mr. Tyrell William",C46,1,0,S,male,19877,36.0,742,0
3,31.3875,"Asplund, Master. Clarence Gustaf Hugo",,4,0,S,male,347077,9.0,183,2
3,9.5,"Lievens, Mr. Rene Aime",,0,0,S,male,345781,24.0,771,0
3,18.0,"Vander Planke, Mrs. Julius (Emelia Maria Vandemoortele)",,1,0,S,female,345763,31.0,19,0
3,22.025,"Kink-Heilmann, Miss. Luise Gretchen",,0,1,S,female,315153,4.0,185,2
1,49.5042,"Mayne, Mlle. Berthe Antonine (""Mrs de Villiers"")",C90,0,1,C,female,PC 17482,24.0,711,0
3,39.6875,"Panula, Mr. Ernesti Arvid",,4,0,S,male,3101295,16.0,267,1
3,7.7958,"Andersson, Mr. August Edvard (""Wennerstrom"")",,0,1,S,male,350043,27.0,147,0
3,56.4958,"Lam, Mr. Len",,0,0,S,male,1601,,827,0
1,50.0,"Rood, Mr. Hugh Roscoe",A32,0,0,S,male,113767,,186,0
3,7.2292,"Razi, Mr. Raihed",,0,0,C,male,2629,,860,0
2,39.0,"Brown, Mrs. Thomas William Solomon (Elizabeth Catherine Ford)",,1,1,S,female,29750,40.0,671,1
2,39.0,"Becker, Master. Richard F",F4,2,1,S,male,230136,1.0,184,1
3,8.05,"Cook, Mr. Jacob",,0,0,S,male,A/5 3536,43.0,669,0
3,22.3583,"Peter, Miss. Anna",F E69,1,1,C,female,2668,,129,1
2,13.0,"Hodges, Mr. Henry Price",,0,0,S,male,250643,50.0,724,0
3,8.05,"Saundercock, Mr. William Henry",,0,0,S,male,A/5. 2151,20.0,13,0
1,38.5,"Gee, Mr. Arthur H",E63,0,0,S,male,111320,47.0,463,0
3,11.1333,"Johnson, Miss. Eleanor Ileen",,1,1,S,female,347742,1.0,173,1
2,13.0,"Hale, Mr. Reginald",,0,0,S,male,250653,30.0,179,0
3,12.475,"Dowdell, Miss. Elizabeth",,0,1,S,female,364516,30.0,80,0
1,211.5,"Widener, Mr. Harry Elkins",C82,0,0,C,male,113503,27.0,378,2
1,26.55,"Wright, Mr. George",,0,0,S,male,113807,62.0,556,0
1,32.3208,"Sutton, Mr. Frederick",D50,0,0,S,male,36963,61.0,626,0
3,7.8542,"Andersen-Jensen, Miss. Carla Christine Nielsine",,1,1,S,female,350046,19.0,193,0
3,16.7,"Sandstrom, Miss. Marguerite Rut",G6,1,1,S,female,PP 9549,4.0,11,1
1,77.9583,"Andrews, Miss. Kornelia Theodosia",D7,1,1,S,female,13502,63.0,276,0
2,12.0,"Lehmann, Miss. Bertha",,0,1,C,female,SC 1748,17.0,390,0
3,7.75,"Mernagh, Mr. Robert",,0,0,Q,male,368703,,197,0
3,7.8958,"Sivic, Mr. Husein",,0,0,S,male,349251,40.0,562,0
2,18.75,"Richards, Master. William Rowe",,1,1,S,male,29106,3.0,408,1
3,29.125,"Rice, Master. Eric",,4,0,Q,male,382652,7.0,279,1
3,9.5,"de Mulder, Mr. Theodore",,0,1,S,male,345774,30.0,287,0
1,39.6,"Duff Gordon, Lady. (Lucille Christiana Sutherland) (""Mrs Morgan"")",A16,1,1,C,female,11755,48.0,557,0
3,7.8958,"Naidenoff, Mr. Penko",,0,0,S,male,349206,22.0,288,0
1,39.6,"Brewe, Dr. Arthur Jackson",,0,0,C,male,112379,,767,0
3,24.15,"Van Impe, Miss. Catharina",,0,0,S,female,345773,10.0,420,2
1,93.5,"Perreault, Miss. Anne",B73,0,1,S,female,12749,30.0,521,0
3,7.225,"Masselmani, Mrs. Fatima",,0,1,C,female,2649,,20,0
3,7.775,"Moss, Mr. Albert Johan",,0,1,S,male,312991,,108,0
3,7.2292,"Kassem, Mr. Fared",,0,0,C,male,2700,,525,0
2,10.5,"Mellors, Mr. William John",,0,1,S,male,SW/PP 751,19.0,227,0
1,120.0,"Carter, Master. William Thornton II",B96 B98,1,1,S,male,113760,11.0,803,2
3,7.775,"Larsson, Mr. Bengt Edvin",,0,0,S,male,347067,29.0,232,0
2,11.5,"Hocking, Mr. Richard George",,2,0,S,male,29104,23.0,530,1
3,7.8542,"Hansen, Mr. Henry Damsgaard",,0,0,S,male,350029,21.0,624,0
3,7.75,"O'Driscoll, Miss. Bridget",,0,1,Q,female,14311,,48,0
1,79.65,"Taussig, Miss. Ruth",E68,0,1,S,female,110413,18.0,586,2
3,39.6875,"Panula, Master. Juha Niilo",,4,0,S,male,3101295,7.0,51,1
1,51.8625,"Kenyon, Mrs. Frederick R (Marion)",D21,1,1,S,female,17464,,458,0
2,0.0,"Watson, Mr. Ennis Hastings",,0,0,S,male,239856,,675,0
3,7.8958,"Rekic, Mr. Tido",,0,0,S,male,349249,38.0,109,0
3,7.75,"Carr, Miss. Helen ""Ellen""",,0,1,Q,female,367231,16.0,209,0
3,15.2458,"Boulos, Miss. Nourelain",,1,0,C,female,2678,9.0,853,1
1,263.0,"Fortune, Mr. Charles Alexander",C23 C25 C27,3,0,S,male,19950,19.0,28,2
2,0.0,"Parkes, Mr. Francis ""Frank""",,0,0,S,male,239853,,278,0
3,8.05,"Christmann, Mr. Emil",,0,0,S,male,343276,29.0,91,0
2,13.0,"Webber, Miss. Susan",E101,0,1,S,female,27267,32.5,124,0
3,8.05,"Dorking, Mr. Edward Arthur",,0,1,S,male,A/5. 10482,19.0,284,0
1,90.0,"Hoyt, Mr. Frederick Maxfield",C93,1,1,S,male,19943,38.0,225,0
2,33.0,"Leitch, Miss. Jessie Wills",,0,1,S,female,248727,,597,0
3,7.75,"Jermyn, Miss. Annie",,0,1,Q,female,14313,,369,0
3,7.225,"Youseff, Mr. Gerious",,0,0,C,male,2628,45.5,204,0
1,61.3792,"Williams, Mr. Charles Duane",,0,0,C,male,PC 17597,51.0,156,1
2,26.25,"Hart, Mrs. Benjamin (Esther Ada Bloomfield)",,1,1,S,female,F.C.C. 13529,45.0,441,1
2,13.0,"Carbines, Mr. William",,0,0,S,male,28424,19.0,192,0
3,7.8958,"Plotcharsky, Mr. Vasil",,0,0,S,male,349227,,385,0
1,86.5,"Rothes, the Countess. of (Lucy Noel Martha Dyer-Edwards)",B77,0,1,S,female,110152,33.0,760,0
2,27.75,"West, Mr. Edwy Arthur",,1,0,S,male,C.A. 34651,36.0,451,2
1,76.7292,"Harper, Mr. Henry Sleeper",D33,1,1,C,male,PC 17572,48.0,646,0
3,7.8958,"Balkic, Mr. Cerin",,0,0,S,male,349248,26.0,871,0
3,7.75,"Horgan, Mr. John",,0,0,Q,male,370377,,614,0
1,42.4,"Harrington, Mr. Charles H",,0,0,S,male,113796,,603,0
3,7.8542,"Augustsson, Mr. Albert",,0,0,S,male,347468,23.0,834,0
3,7.2292,"Saad, Mr. Amin",,0,0,C,male,2671,,833,0
1,27.7208,"Stewart, Mr. Albert A",,0,0,C,male,PC 17605,,65,0
3,20.525,"Goldsmith, Master. Frank John William ""Frankie""",,0,1,S,male,363291,9.0,166,2
3,39.6875,"Panula, Master. Urho Abraham",,4,0,S,male,3101295,2.0,825,1
3,6.8583,"Hart, Mr. Henry",,0,0,Q,male,394140,,412,0
1,29.7,"Kent, Mr. Edward Austin",B37,0,0,C,male,11771,58.0,488,0
2,33.0,"Harper, Miss. Annie Jessie ""Nina""",,0,1,S,female,248727,6.0,721,1
3,18.0,"Vander Planke, Miss. Augusta Maria",,2,0,S,female,345764,18.0,39,0
1,55.4417,"Harder, Mr. George Achilles",E50,1,1,C,male,11765,25.0,371,0
2,23.0,"Doling, Miss. Elsie",,0,1,S,female,231919,18.0,652,1
1,26.55,"Bjornstrom-Steffansson, Mr. Mauritz Hakan",C52,0,1,S,male,110564,28.0,431,0
3,7.25,"Elsbury, Mr. William James",,0,0,S,male,A/5 3902,47.0,593,0
1,133.65,"Frauenthal, Mrs. Henry William (Clara Heinsheimer)",,1,1,S,female,PC 17611,,335,0
1,52.5542,"Beckwith, Mr. Richard Leonard",D35,1,1,S,male,11751,37.0,249,1
2,12.65,"Trout, Mrs. William H (Jessie L)",,0,1,S,female,240929,28.0,400,0
3,29.125,"Rice, Master. Eugene",,4,0,Q,male,382652,2.0,17,1
3,15.2458,"Moubarek, Master. Halim Gonios (""William George"")",,1,1,C,male,2661,,710,1
3,7.7292,"Sadlier, Mr. Matthew",,0,0,Q,male,367655,,389,0
3,31.3875,"Asplund, Mrs. Carl Oscar (Selma Augusta Emilia Johansson)",,1,1,S,female,347077,38.0,26,5
2,27.0,"Jacobsohn, Mr. Sidney Samuel",,1,0,S,male,243847,42.0,218,0
2,15.05,"Pernot, Mr. Rene",,0,0,C,male,SC/PARIS 2131,,182,0
3,19.2583,"Baclini, Miss. Helene Barbara",,2,1,C,female,2666,0.75,470,1
2,13.0,"Sobey, Mr. Samuel James Hayden",,0,0,S,male,C.A. 29178,25.0,135,0
2,26.0,"Fynney, Mr. Joseph J",,0,0,S,male,239865,35.0,21,0
2,13.0,"Montvila, Rev. Juozas",,0,0,S,male,211536,27.0,887,0
1,35.0,"Williams-Lambert, Mr. Fletcher Fellows",C128,0,0,S,male,113510,,352,0
3,7.5208,"Karlsson, Mr. Nils August",,0,0,S,male,350060,22.0,479,0
3,7.7375,"Kilgannon, Mr. Thomas J",,0,0,Q,male,36865,,779,0
3,16.7,"Sandstrom, Mrs. Hjalmar (Agnes Charlotta Bengtsson)",G6,0,1,S,female,PP 9549,24.0,395,2
2,12.875,"Levy, Mr. Rene Jacques",D,0,0,C,male,SC/Paris 2163,36.0,293,0
3,7.8958,"Slabenoff, Mr. Petco",,0,0,S,male,349214,,602,0
1,0.0,"Andrews, Mr. Thomas Jr",A36,0,0,S,male,112050,39.0,807,0
1,53.1,"Chambers, Mrs. Norman Campbell (Bertha Griggs)",E8,1,1,S,female,113806,33.0,810,0
1,71.0,"Crosby, Capt. Edward Gifford",B22,1,0,S,male,WE/P 5735,70.0,746,1
3,7.925,"Ilmakangas, Miss. Pieta Sofia",,1,0,S,female,STON/O2. 3101271,25.0,730,0
2,13.0,"Ponesell, Mr. Martin",,0,0,S,male,250647,34.0,801,0
2,27.75,"West, Miss. Constance Mirium",,1,1,S,female,C.A. 34651,5.0,59,2
3,15.85,"Hakkarainen, Mr. Pekka Pietari",,1,0,S,male,STON/O2. 3101279,28.0,404,0
3,7.8542,"Vestrom, Miss. Hulda Amanda Adolfina",,0,0,S,female,350406,14.0,15,0
3,8.6625,"Lulic, Mr. Nikola",,0,1,S,male,315098,27.0,822,0
3,20.25,"Abbott, Mr. Rossmore Edward",,1,0,S,male,C.A. 2673,16.0,747,1
2,10.5,"Harris, Mr. George",,0,1,S,male,S.W./PP 752,62.0,571,0
1,512.3292,"Lesurer, Mr. Gustave J",B101,0,1,C,male,PC 17755,35.0,738,0
2,10.5,"Ilett, Miss. Bertha",,0,1,S,female,SO/C 14885,17.0,85,0
3,27.9,"Skoog, Master. Karl Thorsten",,3,0,S,male,347088,10.0,820,2
2,73.5,"Hood, Mr. Ambrose Jr",,0,0,S,male,S.O.C. 14879,21.0,73,0
3,7.775,"Rommetvedt, Mr. Knud Paust",,0,0,S,male,312993,,668,0
2,27.75,"West, Mrs. Edwy Arthur (Ada Mary Worth)",,1,1,S,female,C.A. 34651,33.0,473,2
2,26.0,"Carter, Rev. Ernest Courtenay",,1,0,S,male,244252,54.0,250,0
3,7.225,"Badt, Mr. Mohamed",,0,0,C,male,2623,40.0,662,0
1,51.8625,"McCarthy, Mr. Timothy J",E46,0,0,S,male,17463,54.0,7,0
2,36.75,"Nicholls, Mr. Joseph Charles",,1,0,S,male,C.A. 33112,19.0,146,1
2,13.0,"Otter, Mr. Richard",,0,0,S,male,28213,39.0,796,0
2,13.0,"Gillespie, Mr. William Henry",,0,0,S,male,12233,34.0,723,0
2,12.525,"Bateman, Rev. Robert James",,0,0,S,male,S.O.P. 1166,51.0,151,0
3,7.75,"Daly, Mr. Eugene Patrick",,0,1,Q,male,382651,29.0,511,0
3,9.5,"van Melkebeke, Mr. Philemon",,0,0,S,male,345777,,869,0
1,76.7292,"Hassab, Mr. Hammad",D49,0,1,C,male,PC 17572,27.0,682,0
1,83.1583,"Hays, Miss. Margaret Bechstein",C54,0,1,C,female,11767,24.0,311,0
3,16.1,"Lobb, Mr. William Arthur",,1,0,S,male,A/5. 3336,30.0,254,0
3,8.05,"Slocovski, Mr. Selman Francis",,0,0,S,male,SOTON/OQ 392086,,88,0
3,19.2583,"Baclini, Miss. Marie Catherine",,2,1,C,female,2666,5.0,449,1
3,7.05,"Sutehall, Mr. Henry Jr",,0,0,S,male,SOTON/OQ 392076,25.0,885,0
3,7.7958,"Fischer, Mr. Eberhard Thelander",,0,0,S,male,350036,18.0,689,0
3,7.75,"Farrell, Mr. James",,0,0,Q,male,367232,40.5,526,0
3,31.275,"Andersson, Master. Sigvard Harald Elias",,4,0,S,male,347082,4.0,851,2
3,14.5,"Garfirth, Mr. John",,0,0,S,male,358585,,761,0
1,134.5,"Burns, Miss. Elizabeth Margaret",E40,0,1,C,female,16966,41.0,338,0
1,53.1,"Futrelle, Mrs. Jacques Heath (Lily May Peel)",C123,1,1,S,female,113803,35.0,4,0
3,8.05,"Meek, Mrs. Thomas (Annie Louise Rowley)",,0,0,S,female,343095,,416,0
1,69.3,"Aubart, Mme. Leontine Pauline",B35,0,1,C,female,PC 17477,24.0,370,0
3,12.2875,"Hirvonen, Miss. Hildur E",,0,1,S,female,3101298,2.0,480,1
3,7.925,"Leinonen, Mr. Antti Gustaf",,0,0,S,male,STON/O 2. 3101292,32.0,637,0
3,8.05,"Sunderland, Mr. Victor Francis",,0,1,S,male,SOTON/OQ 392089,16.0,221,0
3,8.05,"Pickard, Mr. Berk (Berk Trembisky)",E10,0,1,S,male,SOTON/O.Q. 392078,32.0,430,0
2,13.0,"Greenberg, Mr. Samuel",,0,0,S,male,250647,52.0,715,0
2,13.5,"Chapman, Mr. Charles Henry",,0,0,S,male,248731,52.0,696,0
3,6.95,"Flynn, Mr. John",,0,0,Q,male,368323,,826,0
1,113.275,"Newell, Miss. Marjorie",D36,1,1,C,female,35273,23.0,394,0
2,10.5,"Gavey, Mr. Lawrence",,0,0,S,male,31028,26.0,620,0
3,7.75,"Widegren, Mr. Carl/Charles Peter",,0,0,S,male,347064,51.0,407,0
2,10.5,"Mack, Mrs. (Mary)",E77,0,0,S,female,S.O./P.P. 3,57.0,773,0
3,7.75,"Myhrman, Mr. Pehr Fabian Oliver Malkolm",,0,0,S,male,347078,18.0,776,0
2,13.0,"Sinkkonen, Miss. Anna",,0,1,S,female,250648,30.0,748,0
3,8.6625,"Kink, Mr. Vincenz",,2,0,S,male,315151,26.0,70,0
3,56.4958,"Bing, Mr. Lee",,0,1,S,male,1601,32.0,75,0
3,9.5,"Vanden Steen, Mr. Leo Peter",,0,0,S,male,345783,28.0,356,0
2,21.0,"Gale, Mr. Shadrach",,1,0,S,male,28664,34.0,406,0
3,7.775,"Pettersson, Miss. Ellen Natalia",,0,0,S,female,347087,18.0,808,0
1,78.2667,"Eustis, Miss. Elizabeth Mussey",D20,1,1,C,female,36947,54.0,497,0
3,6.45,"Holm, Mr. John Fredrik Alexander",,0,0,S,male,C 7075,43.0,819,0
2,36.75,"Davies, Master. John Morgan Jr",,1,1,S,male,C.A. 33112,8.0,550,1
3,7.8958,"Danoff, Mr. Yoto",,0,0,S,male,349219,27.0,322,0
3,21.075,"Palsson, Miss. Torborg Danira",,3,0,S,female,349909,8.0,25,1
3,14.4,"Danbom, Mr. Ernst Gilbert",,1,0,S,male,347080,34.0,617,1
2,26.25,"Collyer, Mrs. Harvey (Charlotte Annie Tate)",,1,1,S,female,C.A. 31921,31.0,802,1
3,9.825,"Jussila, Miss. Katriina",,1,0,S,female,4136,20.0,114,0
3,7.225,"Boulos, Mr. Hanna",,0,0,C,male,2664,,599,0
1,52.0,"Holverson, Mr. Alexander Oskar",,1,0,S,male,113789,42.0,36,0
3,12.475,"Moor, Mrs. (Beila)",E121,0,1,S,female,392096,27.0,824,1
2,13.0,"Funk, Miss. Annie Clemmer",,0,0,S,female,237671,38.0,358,0
3,7.8958,"Pavlovic, Mr. Stefo",,0,0,S,male,349242,32.0,520,0
2,12.35,"Keane, Miss. Nora A",E101,0,1,Q,female,226593,,304,0
2,26.0,"Beane, Mrs. Edward (Ethel Clarke)",,1,1,S,female,2908,19.0,547,0
3,7.6292,"O'Sullivan, Miss. Bridget Mary",,0,0,Q,female,330909,,503,0
3,9.5,"de Pelsmaeker, Mr. Alfons",,0,0,S,male,345778,16.0,283,0
3,7.925,"Heikkinen, Miss. Laina",,0,1,S,female,STON/O2. 3101282,26.0,3,0
2,26.0,"Beane, Mr. Edward",,1,1,S,male,2908,32.0,544,0
2,29.0,"Caldwell, Mrs. Albert Francis (Sylvia Mae Harbaugh)",,1,1,S,female,248738,22.0,324,1
2,11.5,"Andrew, Mr. Edgardo Samuel",,0,0,S,male,231945,18.0,145,0
1,30.0,"Barkworth, Mr. Algernon Henry Wilson",A23,0,1,S,male,27042,80.0,631,0
3,7.875,"Zimmerman, Mr. Leo",,0,0,S,male,315082,29.0,423,0
3,7.75,"Tobin, Mr. Roger",F38,0,0,Q,male,383121,,777,0
3,8.05,"Kelly, Mr. James",,0,0,S,male,363592,44.0,697,0
3,29.125,"Rice, Master. George Hugh",,4,0,Q,male,382652,8.0,788,1
2,13.0,"Milling, Mr. Jacob Christian",,0,0,S,male,234360,48.0,464,0
1,120.0,"Carter, Miss. Lucile Polk",B96 B98,1,1,S,female,113760,14.0,436,2
2,15.0,"Jarvis, Mr. John Denzil",,0,0,S,male,237565,47.0,587,0
3,7.775,"Lindahl, Miss. Agda Thorilda Viktoria",,0,0,S,female,347071,25.0,247,0
3,6.975,"Ekstrom, Mr. Johan",,0,0,S,male,347061,45.0,130,0
3,7.25,"Wiseman, Mr. Phillippe",,0,0,S,male,A/4. 34244,,426,0
1,52.0,"Davidson, Mr. Thornton",B71,1,0,S,male,F.C. 12750,31.0,672,0
3,8.05,"Peduzzi, Mr. Joseph",,0,0,S,male,A/5 2817,,455,0
3,8.05,"Rogers, Mr. William John",,0,0,S,male,S.C./A.4. 23567,,46,0
3,25.4667,"Lefebre, Miss. Jeannie",,3,0,S,female,4133,,486,1
3,7.225,"Emir, Mr. Farred Chehab",,0,0,C,male,2631,,27,0
2,26.0,"Downton, Mr. William James",,0,0,S,male,28403,54.0,583,0
3,7.8958,"Vovk, Mr. Janko",,0,0,S,male,349252,22.0,522,0
3,7.05,"Goncalves, Mr. Manuel Estanslas",,0,0,S,male,SOTON/O.Q. 3101306,38.0,466,0
3,7.8958,"Mionoff, Mr. Stoytcho",,0,0,S,male,349207,28.0,106,0
1,82.1708,"Meyer, Mr. Edgar Joseph",,1,0,C,male,PC 17604,28.0,35,0
3,8.05,"Murdlin, Mr. Joseph",,0,0,S,male,A./5. 3235,,590,0
3,22.525,"Olsen, Mr. Henry Margido",,0,0,S,male,C 4001,28.0,509,0
1,91.0792,"Bishop, Mr. Dickinson H",B49,1,1,C,male,11967,25.0,485,0
2,26.0,"McKane, Mr. Peter David",,0,0,S,male,28403,46.0,398,0
3,14.5,"Risien, Mr. Samuel Beard",,0,0,S,male,364498,,539,0
1,26.0,"Smith, Mr. Richard William",A19,0,0,S,male,113056,,285,0
3,6.4375,"Lemberopolous, Mr. Peter L",,0,0,C,male,2683,34.5,844,0
1,29.7,"Marechal, Mr. Pierre",C47,0,1,C,male,11774,,840,0
3,8.4583,"Moran, Mr. James",,0,0,Q,male,330877,,6,0
3,7.75,"McCormack, Mr. Thomas Joseph",,0,1,Q,male,367228,,829,0
3,7.2292,"Moussa, Mrs. (Mantoura Boulos)",,0,1,C,female,2626,,368,0
3,7.925,"Honkanen, Miss. Eliina",,0,1,S,female,STON/O2. 3101283,27.0,217,0
3,7.8958,"Markun, Mr. Johann",,0,0,S,male,349257,33.0,882,0
1,27.75,"Foreman, Mr. Benjamin Laventall",C111,0,0,C,male,113051,30.0,453,0
3,8.05,"Barton, Mr. David John",,0,0,S,male,324669,22.0,113,0
1,135.6333,"Ringhini, Mr. Sante",,0,0,C,male,PC 17760,22.0,374,0
3,7.8875,"Alexander, Mr. William",,0,0,S,male,3474,26.0,811,0
2,39.0,"Becker, Miss. Marion Louise",F4,2,1,S,female,230136,4.0,619,1
1,79.2,"Guggenheim, Mr. Benjamin",B82 B84,0,0,C,male,PC 17593,46.0,790,0
3,7.7333,"Charters, Mr. David",,0,0,Q,male,A/5. 13032,21.0,422,0
1,110.8833,"Thayer, Mr. John Borland",C68,1,0,C,male,17421,49.0,699,1
3,7.75,"Nysten, Miss. Anna Sofia",,0,1,S,female,347081,22.0,142,0
1,26.55,"Seward, Mr. Frederic Kimber",,0,1,S,male,113794,34.0,448,0
3,23.25,"McCoy, Mr. Bernard",,2,1,Q,male,367226,,302,0
1,110.8833,"Thayer, Mr. John Borland Jr",C70,0,1,C,male,17421,17.0,551,2
3,12.475,"Moor, Master. Meier",E121,0,1,S,male,392096,6.0,752,1
3,69.55,"Sage, Miss. Constance Gladys",,8,0,S,female,CA. 2343,,181,2
3,7.75,"Canavan, Miss. Mary",,0,0,Q,female,364846,21.0,502,0
1,30.6958,"Hoyt, Mr. William Fisher",,0,0,C,male,PC 17600,,794,0
1,71.0,"Crosby, Miss. Harriet R",B22,0,1,S,female,WE/P 5735,36.0,541,2
3,9.225,"Odahl, Mr. Nils Martin",,0,0,S,male,7267,23.0,351,0
1,40.125,"Ross, Mr. John Hugo",A10,0,0,C,male,13049,36.0,584,0
1,30.0,"Hawksford, Mr. Walter James",D45,0,1,S,male,16988,,741,0
3,11.1333,"Johnson, Mrs. Oscar W (Elisabeth Vilhelmina Berg)",,0,1,S,female,347742,27.0,9,2
3,8.6625,"Oreskovic, Miss. Marija",,0,0,S,female,315096,20.0,405,0
3,24.15,"Ryan, Mr. Patrick",,0,0,Q,male,371110,,518,0
3,7.1417,"Madsen, Mr. Fridtjof Arne",,0,1,S,male,C 17369,24.0,128,0
3,7.8,"Nosworthy, Mr. Richard Cater",,0,0,S,male,A/4. 39886,21.0,52,0
1,39.4,"Lines, Miss. Mary Conover",D28,0,1,S,female,PC 17592,16.0,854,1
3,25.4667,"Lefebre, Miss. Mathilde",,3,0,S,female,4133,,230,1
3,7.8542,"Hansen, Mr. Henrik Juul",,1,0,S,male,350025,26.0,705,0
3,6.75,"Burke, Mr. Jeremiah",,0,0,Q,male,365222,19.0,144,0
3,7.8542,"Nilsson, Miss. Helmina Josefina",,0,1,S,female,347470,26.0,316,0
1,164.8667,"Wick, Miss. Mary Natalie",C7,0,1,S,female,36928,31.0,319,2
3,34.375,"Ford, Miss. Robina Maggie ""Ruby""",,2,0,S,female,W./C. 6608,9.0,148,2
3,7.75,"Madigan, Miss. Margaret ""Maggie""",,0,1,Q,female,370370,,199,0
1,146.5208,"Spencer, Mrs. William Augustus (Marie Eugenie)",B78,1,1,C,female,PC 17569,,32,0
3,8.85,"Haas, Miss. Aloisia",,0,0,S,female,349236,24.0,294,0
3,7.05,"Ali, Mr. Ahmed",,0,0,S,male,SOTON/O.Q. 3101311,24.0,211,0
1,26.55,"Weir, Col. John",,0,0,S,male,113800,60.0,695,0
3,7.55,"Willey, Mr. Edward",,0,0,S,male,S.O./P.P. 751,,649,0
1,26.55,"Millet, Mr. Francis Davis",E38,0,0,S,male,13509,65.0,457,0
1,135.6333,"Young, Miss. Marie Grice",C32,0,1,C,female,PC 17760,36.0,326,0
2,30.0708,"Nasser, Mrs. Nicholas (Adele Achem)",,1,1,C,female,237736,14.0,10,0
3,8.1375,"Peters, Miss. Katie",,0,0,Q,female,330935,,681,0
3,7.8958,"Nenkoff, Mr. Christo",,0,0,S,male,349234,,224,0
2,26.0,"Phillips, Miss. Kate Florence (""Mrs Kate Louise Phillips Marshall"")",,0,1,S,female,250655,19.0,428,0
2,26.0,"Chapman, Mr. John Henry",,1,0,S,male,SC/AH 29037,37.0,595,0
3,9.0,"Vander Cruyssen, Mr. Victor",,0,0,S,male,345765,47.0,874,0
2,10.5,"Rugg, Miss. Emily",,0,1,S,female,C.A. 31026,21.0,57,0
2,13.0,"Brown, Miss. Amelia ""Mildred""",F33,0,1,S,female,248733,24.0,346,0
3,8.6625,"Calic, Mr. Jovo",,0,0,S,male,315093,17.0,164,0
1,110.8833,"Thayer, Mrs. John Borland (Marian Longstreth Morris)",C68,1,1,C,female,17421,39.0,582,1
3,15.5,"Bourke, Mrs. John (Catherine)",,1,0,Q,female,364849,32.0,658,1
1,83.475,"Harris, Mrs. Henry Birkhardt (Irene Wallach)",C83,1,1,S,female,36973,35.0,231,0
3,6.75,"Hegarty, Miss. Hanora ""Nora""",,0,0,Q,female,365226,18.0,655,0
3,7.4958,"Coleff, Mr. Satio",,0,0,S,male,349209,24.0,515,0
3,11.1333,"Johnson, Master. Harold Theodor",,1,1,S,male,347742,4.0,870,1
3,8.6625,"Smiljanic, Mr. Mile",,0,0,S,male,315037,,159,0
2,10.5,"Ridsdale, Miss. Lucy",,0,1,S,female,W./C. 14258,50.0,527,0
3,31.275,"Andersson, Mr. Anders Johan",,1,0,S,male,347082,39.0,14,5
2,13.0,"Ball, Mrs. (Ada E Hall)",D,0,1,S,female,28551,36.0,328,0
3,24.15,"Davies, Mr. Alfred J",,2,0,S,male,A/4 48871,24.0,566,0
1,227.525,"Robbins, Mr. Victor",,0,0,C,male,PC 17757,,558,0
1,57.0,"Dick, Mr. Albert Adrian",B20,1,1,S,male,17474,31.0,691,0
3,15.5,"Murphy, Miss. Katherine ""Kate""",,1,1,Q,female,367230,,242,0
1,227.525,"Endres, Miss. Caroline Louise",C45,0,1,C,female,PC 17757,38.0,717,0
1,53.1,"Chambers, Mr. Norman Campbell",E8,1,1,S,male,113806,27.0,725,0
2,30.0,"Christy, Miss. Julie Rachel",,1,1,S,female,237789,25.0,581,1
1,30.5,"Molson, Mr. Harry Markland",C30,0,0,S,male,113787,55.0,493,0
2,13.0,"Yrois, Miss. Henriette (""Mrs Harbeck"")",,0,0,S,female,248747,24.0,200,0
3,7.8792,"McGovern, Miss. Mary",,0,1,Q,female,330931,,359,0
3,7.8958,"Hendekovic, Mr. Ignjac",,0,0,S,male,349243,28.0,314,0
3,7.8958,"Radeff, Mr. Alexander",,0,0,S,male,349223,,657,0
1,86.5,"Maioni, Miss. Roberta",B79,0,1,S,female,110152,16.0,505,0
3,7.775,"Petterson, Mr. Johan Emil",,1,0,S,male,347076,25.0,443,0
2,26.25,"Collyer, Miss. Marjorie ""Lottie""",,0,1,S,female,C.A. 31921,8.0,238,2
1,227.525,"Bidois, Miss. Rosalie",,0,1,C,female,PC 17757,42.0,381,0
3,27.9,"Skoog, Master. Harald",,3,0,S,male,347088,4.0,64,2
2,13.8625,"Padro y Manent, Mr. Julian",,0,1,C,male,SC/PARIS 2146,,548,0
3,7.8542,"Jensen, Mr. Niels Peder",,0,0,S,male,350047,48.0,772,0
1,30.5,"Peuchen, Major. Arthur Godfrey",C104,0,1,S,male,113786,52.0,450,0
3,0.0,"Leonard, Mr. Lionel",,0,0,S,male,LINE,36.0,180,0
1,27.7208,"Uruchurtu, Don. Manuel E",,0,0,C,male,PC 17601,40.0,31,0
1,30.0,"Graham, Miss. Margaret Edith",B42,0,1,S,female,112053,19.0,888,0
1,61.9792,"Ostby, Mr. Engelhart Cornelius",B30,0,0,C,male,113509,65.0,55,1
3,7.75,"Flynn, Mr. James",,0,0,Q,male,364851,,429,0
1,108.9,"Penasco y Castellana, Mr. Victor de Satode",C65,1,0,C,male,PC 17758,18.0,506,0
3,7.225,"Elias, Mr. Dibo",,0,0,C,male,2674,,774,0
3,8.4042,"Olsen, Mr. Karl Siegwart Andreas",,0,0,S,male,4579,42.0,198,1
3,4.0125,"Betros, Mr. Tannous",,0,0,C,male,2648,20.0,379,0
3,7.925,"Gustafsson, Mr. Johan Birger",,2,0,S,male,3101277,28.0,393,0
1,153.4625,"Graham, Mr. George Edward",C91,0,0,S,male,PC 17582,38.0,333,1
3,15.9,"Coutts, Master. Eden Leslie ""Neville""",,1,1,S,male,C.A. 37671,9.0,490,1
3,7.7958,"Carlsson, Mr. August Sigfrid",,0,0,S,male,350042,28.0,757,0
3,24.15,"Moran, Miss. Bertha",,1,1,Q,female,371110,,110,0
3,15.7417,"Nakid, Miss. Maria (""Mary"")",,0,1,C,female,2653,1.0,382,2
3,9.35,"Berglund, Mr. Karl Ivar Sven",,0,0,S,male,PP 4348,22.0,226,0
2,13.0,"Sedgwick, Mr. Charles Frederick Waddington",,0,0,S,male,244361,25.0,344,0
3,7.7958,"Johansson, Mr. Erik",,0,0,S,male,350052,22.0,396,0
2,15.0458,"Richard, Mr. Emile",,0,0,C,male,SC/PARIS 2133,23.0,136,0
3,7.775,"Johnson, Mr. Malkolm Joackim",,0,0,S,male,347062,33.0,720,0
3,7.225,"Lahoud, Mr. Sarkis",,0,0,C,male,2624,,523,0
3,7.8958,"Mineff, Mr. Ivan",,0,0,S,male,349233,24.0,295,0
1,30.0,"Long, Mr. Milton Clyde",D6,0,0,S,male,113501,29.0,783,0
3,8.05,"Adams, Mr. John",,0,0,S,male,341826,26.0,402,0
3,9.5,"Hampe, Mr. Leon",,0,0,S,male,345769,20.0,442,0
1,83.1583,"Compton, Miss. Sara Rebecca",E49,1,1,C,female,PC 17756,39.0,836,1
1,26.2875,"Silverthorne, Mr. Spencer Victor",E24,0,1,S,male,PC 17475,35.0,702,0
3,7.55,"Harknett, Miss. Alice Phoebe",,0,0,S,female,W./C. 6609,,236,0
3,7.8542,"Jensen, Mr. Hans Peder",,0,0,S,male,350050,20.0,641,0
1,120.0,"Carter, Mrs. William Ernest (Lucile Polk)",B96 B98,1,1,S,female,113760,36.0,764,2
3,7.55,"Stanley, Miss. Amy Zillah Elsie",,0,1,S,female,CA. 2314,23.0,650,0
3,7.925,"Gustafsson, Mr. Anders Vilhelm",,2,0,S,male,3101276,37.0,105,0
2,0.0,"Cunningham, Mr. Alfred Fleming",,0,0,S,male,239853,,414,0
3,8.05,"Meo, Mr. Alfonzo",,0,0,S,male,A.5. 11206,55.5,153,0
3,9.35,"Aks, Mrs. Sam (Leah Rosen)",,0,1,S,female,392091,18.0,856,1
2,0.0,"Frost, Mr. Anthony Wood ""Archie""",,0,0,S,male,239854,,482,0
2,10.5,"Troutt, Miss. Edwina Celia ""Winnie""",E101,0,1,S,female,34218,27.0,718,0
3,7.925,"Sundman, Mr. Johan Julian",,0,1,S,male,STON/O 2. 3101269,44.0,415,0
1,55.9,"Silvey, Mrs. William Baird (Alice Munger)",E44,1,1,S,female,13507,39.0,578,0
3,8.05,"Theobald, Mr. Thomas Leonard",,0,0,S,male,363294,34.0,759,0
1,26.55,"Romaine, Mr. Charles Hallace (""Mr C Rolmane"")",,0,1,S,male,111428,45.0,188,0
1,77.9583,"Hogeboom, Mrs. John C (Anna Andrews)",D11,1,1,S,female,13502,51.0,766,0
1,106.425,"LeRoy, Miss. Bertha",,0,1,C,female,PC 17761,30.0,538,0
2,21.0,"Turpin, Mr. William John Robert",,1,0,S,male,11668,29.0,118,0
3,14.5,"Robins, Mrs. Alexander A (Grace Charity Laury)",,1,0,S,female,A/5. 3337,47.0,133,0
1,263.0,"Fortune, Miss. Alice Elizabeth",C23 C25 C27,3,1,S,female,19950,24.0,342,2
3,8.05,"Simmons, Mr. John",,0,0,S,male,SOTON/OQ 392082,,564,0
1,75.25,"Warren, Mrs. Frank Manley (Anna Sophia Atkinson)",D37,1,1,C,female,110813,60.0,367,0
3,46.9,"Goodwin, Miss. Lillian Amy",,5,0,S,female,CA 2144,16.0,72,2
3,6.975,"Hedman, Mr. Oskar Arvid",,0,1,S,male,347089,27.0,805,0
2,13.0,"Bystrom, Mrs. (Karolina)",,0,1,S,female,236852,42.0,866,0
2,13.0,"Beesley, Mr. Lawrence",D56,0,1,S,male,248698,34.0,22,0
3,7.8958,"Turcin, Mr. Stjepan",,0,0,S,male,349247,36.0,190,0
1,26.55,"Butt, Major. Archibald Willingham",B38,0,0,S,male,113050,45.0,537,0
1,106.425,"Douglas, Mr. Walter Donald",C86,1,0,C,male,PC 17761,50.0,545,0
3,23.45,"Johnston, Miss. Catherine Helen ""Carrie""",,1,0,S,female,W./C. 6607,,889,2
3,7.8542,"Jonsson, Mr. Carl",,0,1,S,male,350417,32.0,570,0
1,28.5,"Partner, Mr. Austen",C124,0,0,S,male,113043,45.5,332,0
3,7.8792,"O'Dwyer, Miss. Ellen ""Nellie""",,0,1,Q,female,330959,,29,0
2,73.5,"Hickman, Mr. Stanley George",,2,0,S,male,S.O.C. 14879,21.0,121,0
3,21.075,"Palsson, Master. Gosta Leonard",,3,0,S,male,349909,2.0,8,1
3,16.1,"Cribb, Mr. John Hatfield",,0,0,S,male,371362,44.0,161,1
2,10.5,"Jenkin, Mr. Stephen Curnow",,0,0,S,male,C.A. 33111,32.0,71,0
3,7.25,"Windelov, Mr. Einar",,0,0,S,male,SOTON/OQ 3101317,21.0,492,0
3,6.4958,"Wiklund, Mr. Jakob Alfred",,1,0,S,male,3101267,18.0,372,0
3,31.3875,"Asplund, Miss. Lillian Gertrud",,4,1,S,female,347077,5.0,234,2
1,25.9292,"Leader, Dr. Alice (Farnham)",D17,0,1,S,female,17465,49.0,797,0
2,29.0,"Caldwell, Master. Alden Gates",,0,1,S,male,248738,0.83,79,2
1,262.375,"Ryerson, Miss. Emily Borie",B57 B59 B63 B66,2,1,C,female,PC 17608,18.0,312,2
1,93.5,"Hays, Mrs. Charles Melville (Clara Jennings Gregg)",B69,1,1,S,female,12749,52.0,821,1
3,15.5,"Bourke, Mr. John",,1,0,Q,male,364849,40.0,189,1
2,21.0,"Renouf, Mrs. Peter Henry (Lillian Jefferys)",,3,1,S,female,31027,30.0,727,0
3,7.25,"Lovell, Mr. John Hall (""Henry"")",,0,0,S,male,A/5 21173,20.5,228,0
3,15.5,"Murphy, Miss. Margaret Jane",,1,1,Q,female,367230,,613,0
2,33.0,"Harper, Rev. John",,0,0,S,male,248727,28.0,849,1
2,13.0,"Byles, Rev. Thomas Roussel Davids",,0,0,S,male,244310,42.0,150,0
3,9.5,"Vande Walle, Mr. Nestor Cyriel",,0,0,S,male,345770,28.0,201,0
3,7.775,"Bengtsson, Mr. John Viktor",,0,0,S,male,347068,26.0,163,0
3,7.2292,"Ayoub, Miss. Banoura",,0,1,C,female,2687,13.0,781,0
3,7.55,"Abbing, Mr. Anthony",,0,0,S,male,C.A. 5547,42.0,846,0
3,7.8958,"Petroff, Mr. Pastcho (""Pentcho"")",,0,0,S,male,349215,,102,0
2,13.0,"Eitemiller, Mr. George Floyd",,0,0,S,male,29751,23.0,659,0
3,7.925,"Pekoniemi, Mr. Edvard",,0,0,S,male,STON/O 2. 3101294,21.0,116,0
3,9.4833,"Larsson, Mr. August Viktor",,0,0,S,male,7545,29.0,714,0
1,29.7,"Natsch, Mr. Charles H",C118,0,0,C,male,PC 17596,37.0,274,1
2,13.0,"Silven, Miss. Lyyli Karoliina",,0,1,S,female,250652,18.0,418,2
3,7.75,"Henry, Miss. Delia",,0,0,Q,female,382649,,265,0
3,8.05,"Moutal, Mr. Rahamin Haim",,0,0,S,male,374746,,78,0
3,7.05,"Asim, Mr. Adola",,0,0,S,male,SOTON/O.Q. 3101310,35.0,364,0
1,33.5,"Van der hoef, Mr. Wyckoff",B19,0,0,S,male,111240,61.0,171,0
3,7.775,"Eklund, Mr. Hans Linus",,0,0,S,male,347074,16.0,765,0
3,7.2292,"Toufik, Mr. Nakli",,0,0,C,male,2641,,532,0
3,8.6542,"Johansson, Mr. Gustaf Joel",,0,0,S,male,7540,33.0,104,0
3,7.8958,"Stoytcheff, Mr. Ilia",,0,0,S,male,349205,19.0,567,0
1,63.3583,"Greenfield, Mr. William Bertram",D10 D12,0,1,C,male,PC 17759,23.0,98,1
3,7.775,"Gustafsson, Mr. Karl Gideon",,0,0,S,male,347069,19.0,380,0
1,26.55,"Bradley, Mr. George (""George Arthur Brayton"")",,0,1,S,male,111427,,508,0
3,15.5,"O'Brien, Mr. Thomas",,1,0,Q,male,370365,,365,0
3,8.7125,"Paulner, Mr. Uscher",,0,0,C,male,3411,,585,0
3,7.225,"Leeni, Mr. Fahim (""Philip Zenni"")",,0,1,C,male,2620,22.0,554,0
3,8.05,"Allen, Mr. William Henry",,0,0,S,male,373450,35.0,5,0
2,13.0,"Wilhelms, Mr. Charles",,0,1,S,male,244270,31.0,674,0
1,35.5,"Woolner, Mr. Hugh",C52,0,1,S,male,19947,,56,0
3,69.55,"Sage, Miss. Stella Anna",,8,0,S,female,CA. 2343,,793,2
3,8.05,"Sirota, Mr. Maurice",,0,0,S,male,392092,,838,0
1,78.2667,"Stephenson, Mrs. Walter Bertram (Martha Eustis)",D20,1,1,C,female,36947,52.0,592,0
1,79.2,"Frolicher-Stehli, Mr. Maxmillian",B41,1,1,C,male,13567,60.0,588,1
3,18.7875,"Albimona, Mr. Nassef Cassem",,0,1,C,male,2699,26.0,208,0
1,227.525,"Astor, Mrs. John Jacob (Madeleine Talmadge Force)",C62 C64,1,1,C,female,PC 17757,18.0,701,0
1,49.5,"Frolicher, Miss. Hedwig Margaritha",B39,0,1,C,female,13568,22.0,540,2
1,89.1042,"Goldenberg, Mr. Samuel L",C92,1,1,C,male,17453,49.0,454,0
1,25.925,"Baumann, Mr. John D",,0,0,S,male,PC 17318,,169,0
3,7.125,"Kallio, Mr. Nikolai Erland",,0,0,S,male,STON/O 2. 3101274,17.0,434,0
3,7.25,"Braund, Mr. Owen Harris",,1,0,S,male,A/5 21171,22.0,1,0
2,13.0,"Bracken, Mr. James H",,0,0,S,male,220367,27.0,222,0
3,7.0542,"Jensen, Mr. Svend Lauritz",,1,0,S,male,350048,17.0,722,0
3,9.5875,"Laitinen, Miss. Kristina Sofia",,0,0,S,female,4135,37.0,504,0
3,8.05,"Cohen, Mr. Gurshon ""Gus""",,0,1,S,male,A/5 3540,18.0,205,0
3,19.9667,"Hagland, Mr. Ingvald Olai Olsen",,1,0,S,male,65303,,452,0
1,79.65,"Taussig, Mr. Emil",E67,1,0,S,male,110413,52.0,263,1
3,7.25,"Landergren, Miss. Aurora Adelia",,0,1,S,female,C 7077,22.0,377,0
1,52.5542,"Kimball, Mr. Edwin Nelson Jr",D19,1,1,S,male,11753,42.0,622,0
2,13.0,"Collander, Mr. Erik Gustaf",,0,0,S,male,248740,28.0,343,0
2,18.75,"Richards, Mrs. Sidney (Emily Hocking)",,2,1,S,female,29106,24.0,438,3
3,69.55,"Sage, Mr. Douglas Bullen",,8,0,S,male,CA. 2343,,847,2
3,7.225,"Attalah, Mr. Sleiman",,0,0,C,male,2694,30.0,245,0
2,26.0,"Navratil, Mr. Michel (""Louis M Hoffman"")",F2,0,0,S,male,230080,36.5,149,2
3,20.575,"Dean, Mr. Bertram Frank",,1,0,S,male,C.A. 2315,26.0,94,2
3,29.125,"Rice, Mrs. William (Margaret Norton)",,0,0,Q,female,382652,39.0,886,5
1,35.5,"Sloper, Mr. William Thompson",A6,0,1,S,male,113788,28.0,24,0
3,46.9,"Goodwin, Master. Sidney Leonard",,5,0,S,male,CA 2144,1.0,387,2
3,7.25,"Dennis, Mr. Samuel",,0,0,S,male,A/5 21172,22.0,321,0
1,61.175,"Chaffee, Mr. Herbert Fuller",E31,1,0,S,male,W.E.P. 5734,46.0,93,0
3,14.1083,"Hansen, Mr. Claus Peter",,2,0,S,male,350026,41.0,861,0
2,26.0,"Gaskell, Mr. Alfred",,0,0,S,male,239865,16.0,792,0
1,151.55,"Allison, Master. Hudson Trevor",C22 C26,1,1,S,male,113781,0.92,306,2
2,13.0,"Smith, Miss. Marion Elsie",,0,1,S,female,31418,40.0,347,0
1,77.2875,"White, Mr. Richard Frasar",D26,0,0,S,male,35281,21.0,103,1
3,7.25,"Keefe, Mr. Arthur",,0,0,S,male,323592,,471,0
1,90.0,"Minahan, Miss. Daisy E",C78,1,1,Q,female,19928,33.0,413,0
3,8.05,"Celotti, Mr. Francesco",,0,0,S,male,343275,24.0,90,0
2,26.0,"Quick, Mrs. Frederick Charles (Jane Richards)",,0,1,S,female,26360,33.0,507,2
3,7.925,"Lindqvist, Mr. Eino William",,1,1,S,male,STON/O 2. 3101285,20.0,665,0
2,24.0,"Abelson, Mr. Samuel",,1,0,C,male,P/PP 3381,30.0,309,0
2,26.0,"Carter, Mrs. Ernest Courtenay (Lilian Hughes)",,1,0,S,female,244252,44.0,855,0
2,11.5,"Bailey, Mr. Percy Andrew",,0,0,S,male,29108,18.0,758,0
3,7.75,"Duane, Mr. Frank",,0,0,Q,male,336439,65.0,281,0
3,16.1,"McNamee, Mr. Neal",,1,0,S,male,376566,24.0,744,0
3,7.2292,"Mamee, Mr. Hanna",,0,1,C,male,2677,,37,0
3,9.5875,"Turkula, Mrs. (Hedwig)",,0,1,S,female,4134,63.0,484,0
3,7.925,"Sivola, Mr. Antti Wilhelm",,0,0,S,male,STON/O 2. 3101280,21.0,174,0
1,31.0,"Serepeca, Miss. Augusta",,0,1,C,female,113798,30.0,843,0
3,7.7875,"McDermott, Miss. Brigdet Delia",,0,1,Q,female,330932,,83,0
1,52.0,"Taylor, Mrs. Elmer Zebley (Juliet Cummins Wright)",C126,1,1,S,female,19996,,670,0
1,211.3375,"Robert, Mrs. Edward Scott (Elisabeth Walton McMillan)",B3,0,1,S,female,24160,43.0,780,1
3,7.8958,"Dantcheff, Mr. Ristiu",,0,0,S,male,349203,25.0,795,0
2,10.5,"Reeves, Mr. David",,0,0,S,male,C.A. 17248,36.0,266,0
1,113.275,"Newell, Miss. Madeleine",D36,1,1,C,female,35273,31.0,216,0
3,7.8958,"Jalsevac, Mr. Ivan",,0,1,C,male,349240,29.0,456,0
1,247.5208,"Baxter, Mrs. James (Helene DeLaudeniere Chaput)",B58 B60,0,1,C,female,PC 17558,50.0,300,1
1,30.6958,"Smith, Mr. James Clinch",A7,0,0,C,male,17764,56.0,175,0
2,23.0,"Doling, Mrs. John T (Ada Julia Bone)",,0,1,S,female,231919,34.0,99,1
3,7.925,"Heininen, Miss. Wendla Maria",,0,0,S,female,STON/O2. 3101290,23.0,817,0
3,0.0,"Tornquist, Mr. William Henry",,0,1,S,male,LINE,25.0,272,0
2,26.0,"Shelley, Mrs. William (Imanita Parrish Hall)",,0,1,S,female,230433,25.0,881,1
2,10.5,"Leyson, Mr. Robert William Norman",,0,0,S,male,C.A. 29566,24.0,235,0
3,14.4542,"Yasbeck, Mr. Antoni",,1,0,C,male,2659,27.0,621,0
3,8.05,"Beavan, Mr. William Thomas",,0,0,S,male,323951,19.0,373,0
3,7.7958,"Svensson, Mr. Olof",,0,0,S,male,350035,24.0,500,0
3,7.75,"Kiernan, Mr. Philip",,1,0,Q,male,367229,,215,0
3,14.4542,"Zabour, Miss. Thamine",,1,0,C,female,2665,,241,0
1,512.3292,"Ward, Miss. Anna",,0,1,C,female,PC 17755,35.0,259,0
2,65.0,"Herman, Miss. Alice",,1,1,S,female,220845,24.0,616,2
1,34.0208,"Walker, Mr. William Anderson",D46,0,0,S,male,36967,47.0,516,0
3,8.05,"Corn, Mr. Harry",,0,0,S,male,SOTON/OQ 392090,30.0,158,0
3,21.075,"Palsson, Mrs. Nils (Alma Cornelia Berglund)",,0,0,S,female,349909,29.0,568,4
1,52.0,"Holverson, Mrs. Alexander Oskar (Mary Aline Towner)",,1,1,S,female,113789,35.0,384,0
3,15.5,"McEvoy, Mr. Michael",,0,0,Q,male,36568,,719,0
3,15.5,"O'Brien, Mrs. Thomas (Johanna ""Hannah"" Godfrey)",,1,1,Q,female,370365,,187,0
2,26.0,"Faunthorpe, Mrs. Lizzie (Elizabeth Anne Wilkinson)",,1,1,S,female,2926,29.0,54,0
3,8.05,"Dahl, Mr. Karl Edwart",,0,1,S,male,7598,45.0,339,0
1,133.65,"Frauenthal, Dr. Henry William",,2,1,S,male,PC 17611,50.0,661,0
3,20.525,"Goldsmith, Mrs. Frank John (Emily Alice Brown)",,1,1,S,female,363291,31.0,329,1
3,17.8,"Arnold-Franchi, Mr. Josef",,1,0,S,male,349237,25.0,354,0
2,10.5,"Coleridge, Mr. Reginald Charles",,0,0,S,male,W./C. 14263,29.0,243,0
3,16.1,"Lobb, Mrs. William Arthur (Cordelia K Stanlick)",,1,0,S,female,A/5. 3336,26.0,618,0
3,7.75,"Dooley, Mr. Patrick",,0,0,Q,male,370376,32.0,891,0
3,69.55,"Sage, Mr. George John Jr",,8,0,S,male,CA. 2343,,325,2
1,78.85,"Barber, Miss. Ellen ""Nellie""",,0,1,S,female,19877,26.0,291,0
3,16.1,"Davison, Mrs. Thomas Henry (Mary E Finck)",,1,1,S,female,386525,,348,0
3,7.75,"Connolly, Miss. Kate",,0,1,Q,female,370373,22.0,290,0
3,21.075,"Palsson, Miss. Stina Viola",,3,0,S,female,349909,3.0,375,1
3,8.05,"Gilinski, Mr. Eliezer",,0,0,S,male,14973,22.0,589,0
2,26.0,"Parrish, Mrs. (Lutie Davis)",,0,1,S,female,230433,50.0,260,1
3,7.75,"O'Connor, Mr. Maurice",,0,0,Q,male,371060,,460,0
3,7.8958,"Petranec, Miss. Matilda",,0,0,S,female,349245,28.0,101,0
3,34.375,"Ford, Miss. Doolina Margaret ""Daisy""",,2,0,S,female,W./C. 6608,21.0,437,2
2,26.0,"Bryhl, Mr. Kurt Arnold Gottfrid",,1,0,S,male,236853,25.0,729,0
3,19.2583,"Baclini, Mrs. Solomon (Latifa Qurban)",,0,1,C,female,2666,24.0,859,3
1,81.8583,"Dodge, Master. Washington",A34,0,1,S,male,33638,4.0,446,2
3,7.75,"Morrow, Mr. Thomas Rowan",,0,0,Q,male,372622,,561,0
1,52.0,"Clifford, Mr. George Quincy",A14,0,0,S,male,110465,,476,0
3,8.6625,"Culumovic, Mr. Jeso",,0,0,S,male,315090,17.0,845,0
3,7.2292,"Sirayanian, Mr. Orsen",,0,0,C,male,2669,22.0,61,0
3,7.75,"Glynn, Miss. Mary Agatha",,0,1,Q,female,335677,,33,0
3,31.275,"Andersson, Miss. Ebba Iris Alfrida",,4,0,S,female,347082,6.0,814,2
2,13.0,"Gill, Mr. John William",,0,0,S,male,233866,24.0,865,0
3,15.55,"Lindell, Mr. Edvard Bengtsson",,1,0,S,male,349910,36.0,606,0
3,7.75,"Keane, Mr. Andrew ""Andy""",,0,0,Q,male,12460,,791,0
2,27.0,"Jacobsohn, Mrs. Sidney Samuel (Amy Frances Christy)",,2,1,S,female,243847,24.0,601,1
1,35.5,"Blackwell, Mr. Stephen Weart",T,0,0,S,male,113784,45.0,340,0
3,25.4667,"Lefebre, Master. Henry Forbes",,3,0,S,male,4133,,177,1
3,7.775,"Johansson, Mr. Karl Johan",,0,0,S,male,347063,31.0,806,0
2,26.0,"Hold, Mr. Stephen",,1,0,S,male,26707,44.0,237,0
3,7.8958,"Laleff, Mr. Kristo",,0,0,S,male,349217,,879,0
3,56.4958,"Chip, Mr. Chang",,0,1,S,male,1601,32.0,839,0
2,13.0,"Reynaldo, Ms. Encarnacion",,0,1,S,female,230434,28.0,444,0
2,23.0,"Hocking, Mrs. Elizabeth (Eliza Needs)",,1,1,S,female,29105,54.0,775,3
3,9.2167,"Osen, Mr. Olaf Elon",,0,0,S,male,7534,16.0,139,0
1,59.4,"Rothschild, Mrs. Martin (Elizabeth L. Barrett)",,1,1,C,female,PC 17603,54.0,514,0
3,7.65,"Humblen, Mr. Adolf Mathias Nicolai Olsen",F G63,0,0,S,male,348121,42.0,700,0
2,41.5792,"Laroche, Mr. Joseph Philippe Lemercier",,1,0,C,male,SC/Paris 2123,25.0,686,2
3,7.8958,"Jonkoff, Mr. Lalio",,0,0,S,male,349204,23.0,754,0
3,8.6625,"Cacic, Mr. Luka",,0,0,S,male,315089,38.0,472,0
1,52.0,"Taylor, Mr. Elmer Zebley",C126,1,1,S,male,19996,48.0,713,0
1,56.9292,"Duff Gordon, Sir. Cosmo Edmund (""Mr Morgan"")",A20,1,1,C,male,PC 17485,49.0,600,0
2,13.5,"Kelly, Mrs. Florence ""Fannie""",,0,1,S,female,223596,45.0,707,0
3,22.3583,"Peter, Mrs. Catherine (Catherine Rizk)",,0,1,C,female,2668,,534,2
3,8.6625,"Calic, Mr. Petar",,0,0,S,male,315086,17.0,501,0
3,23.45,"Johnston, Mr. Andrew G",,1,0,S,male,W./C. 6607,,784,2
3,9.0,"Waelens, Mr. Achille",,0,0,S,male,345767,22.0,81,0
1,76.7292,"Harper, Mrs. Henry Sleeper (Myna Haxtun)",D33,1,1,C,female,PC 17572,49.0,53,0
2,13.0,"Troupiansky, Mr. Moses Aaron",,0,0,S,male,233639,23.0,735,0
1,80.0,"Icard, Miss. Amelie",B28,0,1,,female,113572,38.0,62,0
3,7.225,"Yousif, Mr. Wazli",,0,0,C,male,2647,,355,0
3,20.525,"Goldsmith, Mr. Frank John",,1,0,S,male,363291,33.0,549,1
2,10.5,"Pain, Dr. Alfred",,0,0,S,male,244278,23.0,399,0
1,26.3875,"Flynn, Mr. John Irwin (""Irving"")",E25,0,1,S,male,PC 17474,36.0,573,0
1,27.7208,"Brown, Mrs. James Joseph (Margaret Tobin)",B4,0,1,C,female,PC 17610,44.0,195,0
1,53.1,"Futrelle, Mr. Jacques Heath",C123,1,0,S,male,113803,37.0,138,0
3,15.2458,"Moubarek, Master. Gerios",,1,1,C,male,2661,,66,1
3,29.125,"Rice, Master. Arthur",,4,0,Q,male,382652,4.0,172,1
2,13.0,"Buss, Miss. Kate",,0,1,S,female,27849,36.0,388,0
3,7.8958,"Nankoff, Mr. Minko",,0,0,S,male,349218,,740,0
1,34.6542,"Goldschmidt, Mr. George B",A5,0,0,C,male,PC 17754,71.0,97,0
3,9.8417,"Turja, Miss. Anna Sofia",,0,1,S,female,4138,18.0,678,0
3,15.85,"Backstrom, Mr. Karl Alfred",,1,0,S,male,3101278,32.0,207,0
3,7.2292,"Barah, Mr. Hanna Assi",,0,1,C,male,2663,20.0,763,0
3,7.2292,"Elias, Mr. Joseph Jr",,1,0,C,male,2690,17.0,533,1
3,15.1,"Shellard, Mr. Frederick William",,0,0,S,male,C.A. 6212,,498,0
1,55.0,"Chibnall, Mrs. (Edith Martha Bowerman)",E33,0,1,S,female,113505,,167,1
2,13.0,"Fox, Mr. Stanley Hubert",,0,0,S,male,229236,36.0,345,0
2,41.5792,"Laroche, Miss. Simonne Marie Anne Andree",,1,1,C,female,SC/Paris 2123,3.0,44,2
3,7.75,"Bourke, Miss. Mary",,0,0,Q,female,364848,,594,2
3,7.125,"Rintamaki, Mr. Matti",,0,0,S,male,STON/O 2. 3101273,35.0,591,0
1,30.0,"Behr, Mr. Karl Howell",C148,0,1,C,male,111369,26.0,890,0
2,12.35,"Kirkland, Rev. Charles Leonard",,0,0,Q,male,219533,57.0,627,0
3,7.7375,"Mannion, Miss. Margareth",,0,1,Q,female,36866,,728,0
3,10.1708,"Dakic, Mr. Branko",,0,0,S,male,349228,19.0,688,0
1,151.55,"Allison, Miss. Helen Loraine",C22 C26,1,0,S,female,113781,2.0,298,2
3,6.2375,"Nysveen, Mr. Johan Hansen",,0,0,S,male,345364,61.0,327,0
3,7.7417,"Gallagher, Mr. Martin",,0,0,Q,male,36864,25.0,704,0
1,30.5,"Stahelin-Maeglin, Dr. Max",B50,0,1,C,male,13214,32.0,633,0
3,8.05,"Tomlin, Mr. Ernest Portage",,0,0,S,male,364499,30.5,815,0
1,69.3,"Sagesser, Mlle. Emma",B35,0,1,C,female,PC 17477,24.0,642,0
3,7.75,"Healy, Miss. Hanora ""Nora""",,0,1,Q,female,370375,,275,0
3,7.25,"Harmer, Mr. Abraham (David Lishin)",,0,0,S,male,374887,25.0,786,0
2,11.5,"Giles, Mr. Frederick Edward",,1,0,S,male,28134,21.0,862,0
3,15.85,"Backstrom, Mrs. Karl Alfred (Maria Mathilda Gustafsson)",,3,1,S,female,3101278,33.0,86,0
3,7.8958,"Staneff, Mr. Ivan",,0,0,S,male,349208,,77,0
2,12.35,"Slayter, Miss. Hilda Mary",,0,1,Q,female,234818,30.0,323,0
2,32.5,"Drew, Mrs. James Vivian (Lulu Thorne Christian)",,1,1,S,female,28220,34.0,417,1
2,10.5,"Wheadon, Mr. Edward H",,0,0,S,male,C.A. 24579,66.0,34,0
3,14.5,"Patchett, Mr. George",,0,0,S,male,358585,19.0,576,0
3,7.8542,"Klasen, Mr. Klas Albin",,1,0,S,male,350404,18.0,176,1
3,7.8958,"Bostandyeff, Mr. Guentcho",,0,0,S,male,349224,26.0,629,0
3,11.2417,"Nicola-Yarred, Miss. Jamila",,1,1,C,female,2651,14.0,40,0
3,46.9,"Goodwin, Master. Harold Victor",,5,0,S,male,CA 2144,9.0,481,2
3,7.925,"Jussila, Mr. Eiriik",,0,1,S,male,STON/O 2. 3101286,32.0,580,0
1,135.6333,"Bissette, Miss. Amelia",C99,0,1,S,female,PC 17760,35.0,270,0
2,26.25,"Hart, Miss. Eva Miriam",,0,1,S,female,F.C.C. 13529,7.0,536,2
2,73.5,"Hickman, Mr. Lewis",,2,0,S,male,S.O.C. 14879,32.0,666,0
2,39.0,"Brown, Mr. Thomas William Solomon",,1,0,S,male,29750,60.0,685,1
3,10.4625,"Strom, Mrs. Wilhelm (Elna Matilda Persson)",G6,1,0,S,female,347054,29.0,252,1
1,66.6,"Pears, Mrs. Thomas (Edith Wearne)",C2,1,1,S,female,113776,22.0,152,0
1,120.0,"Carter, Mr. William Ernest",B96 B98,1,1,S,male,113760,36.0,391,2
3,7.2292,"Doharr, Mr. Tannous",,0,0,C,male,2686,,569,0
3,39.6875,"Panula, Mr. Jaako Arnold",,4,0,S,male,3101295,14.0,687,1
1,77.2875,"White, Mr. Percival Wayland",D26,0,0,S,male,35281,54.0,125,1
3,7.7333,"Gilnagh, Miss. Katherine ""Katie""",,0,1,Q,female,35851,16.0,157,0
3,19.9667,"Hagland, Mr. Konrad Mathias Reiersen",,1,0,S,male,65304,,491,0
3,7.8792,"Devaney, Miss. Margaret Delia",,0,1,Q,female,330958,19.0,45,0
3,20.25,"Abbott, Mrs. Stanton (Rosa Hunt)",,1,1,S,female,C.A. 2673,35.0,280,1
3,8.6833,"Osman, Mrs. Mara",,0,1,S,female,349244,31.0,798,0
3,8.05,"Cann, Mr. Ernest Charles",,0,0,S,male,A./5. 2152,21.0,38,0
1,83.475,"Harris, Mr. Henry Birkhardt",C83,1,0,S,male,36973,45.0,63,0
2,27.7208,"del Carlo, Mr. Sebastiano",,1,0,C,male,SC/PARIS 2167,29.0,362,0
3,56.4958,"Lang, Mr. Fang",,0,1,S,male,1601,26.0,510,0
3,7.25,"Reed, Mr. James George",,0,0,S,male,362316,,251,0
1,221.7792,"Farthing, Mr. John",C95,0,0,S,male,PC 17483,,528,0
3,7.8958,"Todoroff, Mr. Lalio",,0,0,S,male,349216,,30,0
3,8.6625,"Pasic, Mr. Jakob",,0,0,S,male,315097,21.0,837,0
1,71.2833,"Cumings, Mrs. John Bradley (Florence Briggs Thayer)",C85,1,1,C,female,PC 17599,38.0,2,0
3,31.275,"Andersson, Mrs. Anders Johan (Alfrida Konstantia Brogren)",,1,0,S,female,347082,39.0,611,5
3,8.3,"Allum, Mr. Owen George",,0,0,S,male,2223,18.0,835,0
2,26.0,"Navratil, Master. Michel M",F2,1,1,S,male,230080,3.0,194,1
2,30.0708,"Nasser, Mr. Nicholas",,1,0,C,male,237736,32.5,123,0
3,7.75,"Connors, Mr. Patrick",,0,0,Q,male,370369,70.5,117,0
1,25.9292,"Swift, Mrs. Frederick Joel (Margaret Welles Barron)",D17,0,1,S,female,17466,48.0,863,0
3,8.05,"Williams, Mr. Howard Hugh ""Harry""",,0,0,S,male,A/5 2466,,305,0
3,7.8958,"Ivanoff, Mr. Kanio",,0,0,S,male,349201,,739,0
3,7.8958,"Sdycoff, Mr. Todor",,0,0,S,male,349222,,411,0
2,23.0,"Wells, Miss. Joan",,1,1,S,female,29103,4.0,751,1
3,31.275,"Andersson, Miss. Ingeborg Constanzia",,4,0,S,female,347082,9.0,542,2
2,13.0,"Pinsky, Mrs. (Rosa)",,0,1,S,female,234604,32.0,191,0
3,24.15,"Lester, Mr. James",,0,0,S,male,A/4 48871,39.0,812,0
3,16.1,"Thorneycroft, Mr. Percival",,1,0,S,male,376564,,640,0
2,13.5,"Norman, Mr. Robert Douglas",,0,0,S,male,218629,28.0,563,0
2,14.5,"Hamalainen, Mrs. William (Anna)",,0,1,S,female,250649,24.0,248,2
3,7.2292,"Novel, Mr. Mansouer",,0,0,C,male,2697,28.5,58,0
3,16.1,"Bowen, Mr. David John ""Dai""",,0,0,S,male,54636,21.0,625,0
1,52.0,"Porter, Mr. Walter Chamberlain",C110,0,0,S,male,110465,47.0,111,0
3,17.8,"Arnold-Franchi, Mrs. Josef (Josefine Franchi)",,1,0,S,female,349237,18.0,50,0
2,13.0,"Butler, Mr. Reginald Fenton",,0,0,S,male,234686,25.0,667,0
3,14.5,"van Billiard, Mr. Austin Blyler",,0,0,S,male,A/5. 851,40.5,154,2
2,16.0,"Hewlett, Mrs. (Mary D Kingcome) ",,0,1,S,female,248706,55.0,16,0
3,7.125,"Maenpaa, Mr. Matti Alexanteri",,0,0,S,male,STON/O 2. 3101275,22.0,244,0
3,9.225,"Olsvigen, Mr. Thor Anderson",,0,0,S,male,6563,20.0,683,0
3,7.75,"Kelly, Miss. Mary",,0,1,Q,female,14312,,574,0
3,24.15,"Van Impe, Mr. Jean Baptiste",,1,0,S,male,345773,36.0,596,1
3,25.4667,"Lefebre, Miss. Ida",,3,0,S,female,4133,,410,1
3,16.1,"Williams, Mr. Leslie",,0,0,S,male,54636,28.5,736,0
1,82.1708,"Meyer, Mrs. Edgar Joseph (Leila Saks)",,1,1,C,female,PC 17604,,376,0
2,37.0042,"Mallet, Master. Andre",,0,1,C,male,S.C./PARIS 2079,1.0,828,2
3,23.25,"McCoy, Miss. Agnes",,2,1,Q,female,367226,,331,0
3,20.2125,"Rosblom, Mrs. Viktor (Helena Wilhelmina)",,0,0,S,female,370129,41.0,255,2
2,13.0,"Givard, Mr. Hans Kristensen",,0,0,S,male,250646,30.0,214,0
3,8.05,"Sawyer, Mr. Frederick Charles",,0,0,S,male,342826,24.5,677,0
1,51.4792,"Appleton, Mrs. Edward Dale (Charlotte Lamson)",C101,2,1,S,female,11769,53.0,572,0
3,15.85,"Hakkarainen, Mrs. Pekka Pietari (Elin Matilda Dolck)",,1,1,S,female,STON/O2. 3101279,24.0,143,0
1,27.7208,"Lewy, Mr. Ervin G",,0,0,C,male,PC 17612,,296,0
2,10.5,"Nye, Mrs. (Elizabeth Ramell)",F33,0,1,S,female,C.A. 29395,29.0,67,0
1,28.7125,"Isham, Miss. Ann Elizabeth",C49,0,0,C,female,PC 17595,50.0,178,0
3,10.5167,"Dahlberg, Miss. Gerda Ulrika",,0,0,S,female,7552,22.0,883,0
2,13.0,"Berriman, Mr. William John",,0,0,S,male,28425,23.0,734,0
3,69.55,"Sage, Mr. Frederick",,8,0,S,male,CA. 2343,,202,2
2,10.5,"Kvillner, Mr. Johan Henrik Johannesson",,0,0,S,male,C.A. 18723,31.0,440,0
3,7.8958,"Petroff, Mr. Nedelio",,0,0,S,male,349212,19.0,878,0
3,6.4958,"Johanson, Mr. Jakob Alfred",,0,0,S,male,3101264,34.0,203,0
3,20.575,"Dean, Master. Bertram Vere",,1,1,S,male,C.A. 2315,1.0,789,2
2,26.0,"Morley, Mr. Henry Samuel (""Mr Henry Marshall"")",,0,0,S,male,250655,39.0,706,0
1,146.5208,"Lurette, Miss. Elise",B80,0,1,C,female,PC 17569,58.0,196,0
1,31.0,"Cairns, Mr. Alexander",,0,0,S,male,113798,,271,0
1,66.6,"Pears, Mr. Thomas Clinton",C2,1,0,S,male,113776,29.0,337,0
3,15.9,"Coutts, Master. William Loch ""William""",,1,1,S,male,C.A. 37671,3.0,349,1
3,19.2583,"Baclini, Miss. Eugenie",,2,1,C,female,2666,0.75,645,1
2,13.0,"Davis, Miss. Mary",,0,1,S,female,237668,28.0,636,0
3,16.1,"Thorneycroft, Mrs. Percival (Florence Kate White)",,1,1,S,female,376564,,432,0
2,13.5,"Sjostedt, Mr. Ernst Adolf",,0,0,S,male,237442,59.0,233,0
1,52.5542,"Beckwith, Mrs. Richard Leonard (Sallie Monypeny)",D35,1,1,S,female,11751,47.0,872,1
3,8.05,"Somerton, Mr. Francis William",,0,0,S,male,A.5. 18509,30.0,489,0
3,8.1125,"Johannesen-Bratthammer, Mr. Bernt",,0,1,S,male,65306,,445,0
2,21.0,"Renouf, Mr. Peter Henry",,1,0,S,male,31027,34.0,477,0
3,20.2125,"Rosblom, Mr. Viktor Richard",,1,0,S,male,370129,18.0,425,1
1,79.2,"Giglio, Mr. Victor",B86,0,0,C,male,PC 17593,24.0,140,0
1,90.0,"Hoyt, Mrs. Frederick Maxfield (Jane Anne Forby)",C93,1,1,S,female,19943,35.0,487,0
1,153.4625,"Shutes, Miss. Elizabeth W",C125,0,1,S,female,PC 17582,40.0,610,0
3,7.75,"McMahon, Mr. Martin",,0,0,Q,male,370372,,127,0
3,7.0542,"Lundahl, Mr. Johan Svensson",,0,0,S,male,347743,51.0,632,0
3,7.8958,"Cor, Mr. Liudevit",,0,0,S,male,349231,19.0,647,0
3,7.75,"Kelly, Miss. Anna Katherine ""Annie Kate""",,0,1,Q,female,9234,,301,0
3,7.8958,"Markoff, Mr. Marin",,0,0,C,male,349213,35.0,848,0
2,0.0,"Knight, Mr. Robert J",,0,0,S,male,239855,,733,0
1,0.0,"Harrison, Mr. William",B94,0,0,S,male,112059,40.0,264,0
3,46.9,"Goodwin, Mrs. Frederick (Augusta Tyler)",,1,0,S,female,CA 2144,43.0,679,6
1,211.3375,"Madill, Miss. Georgette Alexandra",B5,0,1,S,female,24160,15.0,690,1
2,13.8583,"Duran y More, Miss. Asuncion",,1,1,C,female,SC/PARIS 2149,27.0,867,0
3,7.225,"Saad, Mr. Khalil",,0,0,C,male,2672,25.0,694,0
3,8.5167,"Thomas, Master. Assad Alexander",,0,1,C,male,2625,0.42,804,1
1,164.8667,"Wick, Mrs. George Dennick (Mary Hitchcock)",,1,1,S,female,36928,45.0,857,1
2,13.0,"Fahlstrom, Mr. Arne Jonas",,0,0,S,male,236171,18.0,229,0
1,113.275,"Newell, Mr. Arthur Webster",D48,0,0,C,male,35273,58.0,660,2
2,26.0,"Clarke, Mrs. Charles V (Ada Maria Winfield)",,1,1,S,female,2003,28.0,427,0
3,7.75,"Mangan, Miss. Mary",,0,0,Q,female,364850,30.5,768,0
1,26.2833,"Newsom, Miss. Helen Monypeny",D47,0,1,S,female,11752,19.0,137,2
2,0.0,"Campbell, Mr. William",,0,0,S,male,239853,,467,0
1,153.4625,"Graham, Mrs. William Thompson (Edith Junkins)",C125,0,1,S,female,PC 17582,58.0,269,1
1,47.1,"Carrau, Mr. Francisco M",,0,0,S,male,113059,28.0,84,0
3,7.8958,"Kraeff, Mr. Theodor",,0,0,C,male,349253,,43,0
3,8.05,"Green, Mr. George Henry",,0,0,S,male,21440,51.0,223,0
3,8.3625,"Gronnestad, Mr. Daniel Danielsen",,0,0,S,male,8471,32.0,770,0
3,7.8542,"Olsson, Mr. Nils Johan Goransson",,0,0,S,male,347464,28.0,282,0
2,73.5,"Hickman, Mr. Leonard Mark",,2,0,S,male,S.O.C. 14879,24.0,656,0
3,56.4958,"Ling, Mr. Lee",,0,0,S,male,1601,28.0,170,0
3,8.6625,"Stankovic, Mr. Ivan",,0,0,C,male,349239,33.0,286,0
3,7.05,"Jardin, Mr. Jose Neto",,0,0,S,male,SOTON/O.Q. 3101305,,612,0
2,10.5,"Banfield, Mr. Frederick James",,0,0,S,male,C.A./SOTON 34068,28.0,884,0
1,26.55,"Bonnell, Miss. Elizabeth",C103,0,1,S,female,113783,58.0,12,0
3,7.7958,"Jansson, Mr. Carl Olof",,0,1,S,male,350034,21.0,392,0
1,57.9792,"Hippach, Mrs. Louis Albert (Ida Sophia Fischer)",B18,0,1,C,female,111361,44.0,524,1
1,56.9292,"Francatelli, Miss. Laura Mabel",E36,0,1,C,female,PC 17485,30.0,310,0
1,57.0,"Dick, Mrs. Albert Adrian (Vera Gillespie)",B20,1,1,S,female,17474,17.0,782,0
1,30.5,"Saalfeld, Mr. Adolphe",C106,0,1,S,male,19988,,299,0
3,7.775,"Edvardsson, Mr. Gustaf Hjalmar",,0,0,S,male,349912,18.0,676,0
3,31.3875,"Asplund, Master. Edvin Rojj Felix",,4,1,S,male,347077,3.0,262,2
3,8.05,"Rouse, Mr. Richard Henry",,0,0,S,male,A/5 3594,50.0,483,0
1,55.0,"Bowerman, Miss. Elsie Edith",E33,0,1,S,female,113505,22.0,357,1
3,15.2458,"Boulos, Mrs. Joseph (Sultana)",,0,0,C,female,2678,,141,2
1,512.3292,"Cardeza, Mr. Thomas Drake Martinez",B51 B53 B55,0,1,C,male,PC 17755,36.0,680,1
2,26.0,"Louch, Mrs. Charles Alexander (Alice Adelaide Slow)",,1,1,S,female,SC/AH 3085,42.0,433,0
3,27.9,"Skoog, Miss. Margit Elizabeth",,3,0,S,female,347088,2.0,643,2
3,7.8958,"Denkoff, Mr. Mitto",,0,0,S,male,349225,,336,0
1,30.5,"Daniel, Mr. Robert Williams",,0,1,S,male,113804,27.0,608,0
1,91.0792,"Bishop, Mrs. Dickinson H (Helen Walton)",B49,1,1,C,female,11967,19.0,292,0
2,41.5792,"Laroche, Mrs. Joseph (Juliette Marie Louise Lafargue)",,1,1,C,female,SC/Paris 2123,22.0,609,2
2,14.5,"Hamalainen, Master. Viljo",,1,1,S,male,250649,0.67,756,1
2,19.5,"Mellinger, Miss. Madeleine Violet",,0,1,S,female,250644,13.0,447,1
1,26.0,"Nicholson, Mr. Arthur Ernest",,0,0,S,male,693,64.0,546,0
1,26.55,"Smart, Mr. John Montgomery",,0,0,S,male,113792,56.0,468,0
1,134.5,"Spedden, Mrs. Frederic Oakley (Margaretta Corning Stone)",E34,1,1,C,female,16966,40.0,320,1
2,13.7917,"Jerwan, Mrs. Amin S (Marie Marthe Thuillard)",D,0,1,C,female,SC/AH Basle 541,23.0,474,0
3,21.6792,"Samaan, Mr. Youssef",,2,0,C,male,2662,,49,0
3,69.55,"Sage, Miss. Dorothy Edith ""Dolly""",,8,0,S,female,CA. 2343,,864,2
3,27.9,"Skoog, Mrs. William (Anna Bernhardina Karlsson)",,1,0,S,female,347088,45.0,168,4
3,18.0,"Vander Planke, Mr. Leo Edmondus",,2,0,S,male,345764,16.0,334,0
3,7.8958,"Mitkoff, Mr. Mito",,0,0,S,male,349221,,651,0
2,10.5,"Mitchell, Mr. Henry Michael",,0,0,S,male,C.A. 24580,70.0,673,0
3,8.0292,"McGowan, Miss. Anna ""Annie""",,0,1,Q,female,330923,15.0,23,0
3,7.3125,"Olsen, Mr. Ole Martin",,0,0,S,male,Fa 265302,,155,0
3,9.5,"Vande Velde, Mr. Johannes Joseph",,0,0,S,male,345780,33.0,753,0
3,14.4542,"Yasbeck, Mrs. Antoni (Selini Alexander)",,1,1,C,female,2659,15.0,831,0
1,26.55,"Homer, Mr. Harry (""Mr E Haven"")",,0,1,C,male,111426,35.0,605,0
3,7.125,"Nirva, Mr. Iisakki Antino Aijo",,0,0,S,male,SOTON/O2 3101272,41.0,762,0
2,26.0,"Navratil, Master. Edmond Roger",F2,1,1,S,male,230080,2.0,341,1
3,14.4542,"Barbara, Miss. Saiide",,0,0,C,female,2691,18.0,703,1
1,0.0,"Parr, Mr. William Henry Marsh",,0,0,S,male,112052,,634,0
1,89.1042,"Goldenberg, Mrs. Samuel L (Edwiga Grabowska)",C92,1,1,C,female,17453,,850,0
3,39.6875,"Panula, Master. Eino Viljami",,4,0,S,male,3101295,1.0,165,1
3,15.5,"Lennon, Mr. Denis",,1,0,Q,male,370371,,47,0
2,19.5,"Mellinger, Mrs. (Elizabeth Anne Maidment)",,0,1,S,female,250644,41.0,273,1
2,10.5,"Toomey, Miss. Ellen",,0,1,S,female,F.C.C. 13531,50.0,459,0
1,79.2,"Thorne, Mrs. Gertrude Maybelle",,0,1,C,female,PC 17585,,257,0
3,7.925,"Tikkanen, Mr. Juho",,0,0,S,male,STON/O 2. 3101293,32.0,383,0
3,34.375,"Ford, Mr. William Neal",,1,0,S,male,W./C. 6608,16.0,87,3
3,12.475,"Emanuel, Miss. Virginia Ethel",,0,1,S,female,364516,5.0,778,0
3,7.8542,"Olsson, Miss. Elina",,0,0,S,female,350407,31.0,397,0
1,108.9,"Penasco y Castellana, Mrs. Victor de Satode (Maria Josefa Perez de Soto y Vallejo)",C65,1,1,C,female,PC 17758,17.0,308,0
3,7.8292,"O'Leary, Miss. Hanora ""Norah""",,0,1,Q,female,330919,,654,0
3,39.6875,"Panula, Mrs. Juha (Maria Emilia Ojala)",,0,0,S,female,3101295,41.0,639,5
2,14.0,"Moraweck, Dr. Ernest",,0,0,S,male,29011,54.0,318,0
3,7.225,"Najib, Miss. Adele Kiamie ""Jane""",,0,1,C,female,2667,15.0,876,0
3,11.2417,"Nicola-Yarred, Master. Elias",,1,1,C,male,2651,12.0,126,0
3,7.8958,"Gheorgheff, Mr. Stanio",,0,0,C,male,349254,,421,0
1,53.1,"Marvin, Mr. Daniel Warner",D30,1,0,S,male,113773,19.0,749,0
3,8.05,"Shorney, Mr. Charles Joseph",,0,0,S,male,374910,,96,0
3,8.05,"Meanwell, Miss. (Marion Ogden)",,0,0,S,female,SOTON/O.Q. 392087,,565,0
3,9.825,"Jussila, Miss. Mari Aina",,1,0,S,female,4137,21.0,403,0
3,31.275,"Andersson, Miss. Sigrid Elisabeth",,4,0,S,female,347082,11.0,543,2
3,7.25,"Perkin, Mr. John Henry",,0,0,S,male,A/5 21174,22.0,213,0
2,12.275,"Hunt, Mr. George Henry",,0,0,S,male,SCO/W 1585,33.0,240,0
3,7.2292,"Elias, Mr. Tannous",,1,0,C,male,2695,15.0,353,1
3,7.75,"Smith, Mr. Thomas",,0,0,Q,male,384461,,261,0
3,7.925,"Stranden, Mr. Juho",,0,1,S,male,STON/O 2. 3101288,31.0,745,0
2,18.75,"Richards, Master. George Sibley",,1,1,S,male,29106,0.83,832,1
3,15.7417,"Nakid, Mr. Sahid",,1,1,C,male,2653,20.0,623,1
3,7.8792,"Mockler, Miss. Helen Mary ""Ellie""",,0,1,Q,female,330980,,360,0
2,26.0,"Angle, Mrs. William A (Florence ""Mary"" Agnes Hughes)",,1,1,S,female,226875,36.0,519,0
2,10.5,"Harris, Mr. Walter",,0,0,S,male,W/C 14208,30.0,220,0
3,8.1583,"Crease, Mr. Ernest James",,0,0,S,male,S.P. 3464,19.0,68,0
3,24.15,"Van Impe, Mrs. Jean Baptiste (Rosalie Paula Govaert)",,1,0,S,female,345773,30.0,800,1
2,37.0042,"Mallet, Mr. Albert",,1,0,C,male,S.C./PARIS 2079,31.0,818,1
3,7.775,"Ohman, Miss. Velin",,0,1,S,female,347085,22.0,555,0
3,10.4625,"Strom, Miss. Telma Matilda",G6,0,0,S,female,347054,2.0,206,1
3,14.4,"Danbom, Mrs. Ernst Gilbert (Anna Sigrid Maria Brogren)",,1,0,S,female,347080,28.0,424,1
1,151.55,"Allison, Mrs. Hudson J C (Bessie Waldo Daniels)",C22 C26,1,0,S,female,113781,25.0,499,2
3,7.65,"Moen, Mr. Sigurd Hansen",F G73,0,0,S,male,348123,25.0,76,0
3,18.7875,"Hassan, Mr. Houssein G N",,0,0,C,male,2699,11.0,732,0
3,27.9,"Skoog, Mr. Wilhelm",,1,0,S,male,347088,40.0,361,4
3,27.9,"Skoog, Miss. Mabel",,3,0,S,female,347088,9.0,635,2
3,8.05,"Brocklebank, Mr. William Alfred",,0,0,S,male,364512,35.0,615,0
1,55.9,"Silvey, Mr. William Baird",E44,1,0,S,male,13507,50.0,435,0
3,7.925,"Andersson, Miss. Erna Alexandra",,4,1,S,female,3101281,17.0,69,2
3,13.4167,"Karun, Miss. Manca",,0,1,C,female,349256,4.0,692,1
3,14.4542,"Chronopoulos, Mr. Apostolos",,1,0,C,male,2680,26.0,74,0
1,77.9583,"Longley, Miss. Gretchen Fiske",D9,0,1,S,female,13502,21.0,628,0
3,7.75,"Lindblom, Miss. Augusta Charlotta",,0,0,S,female,347073,45.0,277,0
3,14.4583,"Caram, Mrs. Joseph (Maria Elias)",,1,0,C,female,2689,,579,0
3,7.8292,"O'Brien, Mr. Timothy",,0,0,Q,male,330979,,553,0
3,7.2292,"Hanna, Mr. Mansour",,0,0,C,male,2693,23.5,297,0
3,7.7333,"Mullens, Miss. Katherine ""Katie""",,0,1,Q,female,35852,,698,0
3,7.25,"Coxon, Mr. Daniel",,0,0,S,male,364500,59.0,95,0
1,90.0,"Minahan, Dr. William Edward",C78,2,0,Q,male,19928,44.0,246,0
3,8.05,"Maisner, Mr. Simon",,0,0,S,male,A/S 2816,,465,0
2,26.0,"Quick, Miss. Phyllis May",,1,1,S,female,26360,2.0,531,1
3,7.05,"Ali, Mr. William",,0,0,S,male,SOTON/O.Q. 3101312,25.0,785,0
1,0.0,"Reuchlin, Jonkheer. John George",,0,0,S,male,19972,38.0,823,0
2,65.0,"Herman, Mrs. Samuel (Jane Laver)",,1,1,S,female,220845,48.0,755,2
3,8.6625,"Cacic, Miss. Marija",,0,0,S,female,315084,30.0,535,0
3,7.75,"Connaghton, Mr. Michael",,0,0,Q,male,335097,31.0,750,0
2,26.0,"Kantor, Mrs. Sinai (Miriam Sternin)",,1,1,S,female,244367,24.0,317,0
3,7.25,"Adahl, Mr. Mauritz Nils Martin",,0,0,S,male,C 7076,30.0,366,0
1,247.5208,"Baxter, Mr. Quigg Edmond",B58 B60,0,0,C,male,PC 17558,24.0,119,1
1,26.55,"Daly, Mr. Peter Denis ",E17,0,1,S,male,113055,51.0,858,0
3,7.0458,"Braund, Mr. Lewis Richard",,1,0,S,male,3460,29.0,478,0
3,7.2292,"Ibrahim Shawah, Mr. Yousseff",,0,0,C,male,2685,30.0,799,0
3,9.8375,"Strandberg, Miss. Ida Sofia",,0,0,S,female,7553,22.0,475,0
3,7.725,"Scanlan, Mr. James",,0,0,Q,male,36209,,469,0
3,7.925,"Niskanen, Mr. Juha",,0,1,S,male,STON/O 2. 3101289,39.0,401,0
2,10.5,"Lemore, Mrs. (Amelia Milley)",F33,0,1,S,female,C.A. 34260,34.0,517,0
2,26.25,"Collyer, Mr. Harvey",,1,0,S,male,C.A. 31921,31.0,638,1
3,0.0,"Johnson, Mr. Alfred",,0,0,S,male,LINE,49.0,598,0
1,80.0,"Stone, Mrs. George Nelson (Martha Evelyn)",B28,0,1,,female,113572,62.0,830,0
1,26.55,"Klaber, Mr. Herman",C124,0,0,S,male,113028,,712,0
3,8.05,"Stanley, Mr. Edward Roland",,0,0,S,male,A/4 45380,21.0,495,0
1,76.2917,"Bazzani, Miss. Albina",D15,0,1,C,female,11813,32.0,219,0
3,8.05,"Rush, Mr. Alfred George John",,0,0,S,male,A/4. 20589,16.0,575,0
3,7.05,"Coelho, Mr. Domingos Fernandeo",,0,0,S,male,SOTON/O.Q. 3101307,20.0,132,0
1,35.5,"Simonius-Blumer, Col. Oberst Alfons",A26,0,1,C,male,13213,56.0,648,0
2,26.0,"Lahtinen, Mrs. William (Anna Sylfven)",,1,0,S,female,250651,26.0,313,1
1,26.55,"Anderson, Mr. Harry",E12,0,1,S,male,19952,48.0,461,0
3,7.4958,"Coleff, Mr. Peju",,0,0,S,male,349210,36.0,664,0
3,46.9,"Goodwin, Master. William Frederick",,5,0,S,male,CA 2144,11.0,60,2
3,8.6625,"Dimic, Mr. Jovan",,0,0,S,male,315088,42.0,350,0
2,10.5,"Pengelly, Mr. Frederick William",,0,0,S,male,28665,19.0,239,0
3,56.4958,"Foo, Mr. Choong",,0,1,S,male,1601,,644,0
3,7.7333,"O'Connell, Mr. Patrick D",,0,0,Q,male,334912,,630,0
2,13.0,"Hosono, Mr. Masabumi",,0,1,S,male,237798,42.0,289,0
2,13.0,"Williams, Mr. Charles Eugene",,0,1,S,male,244373,,18,0
3,8.05,"Torber, Mr. Ernst William",,0,0,S,male,364511,44.0,604,0
2,26.25,"Hart, Mr. Benjamin",,1,0,S,male,F.C.C. 13529,43.0,315,1
2,13.0,"Meyer, Mr. August",,0,0,S,male,248723,39.0,809,0
3,7.65,"Soholt, Mr. Peter Andreas Lauritz Andersen",F G73,0,0,S,male,348124,19.0,716,0
1,26.2875,"Calderhead, Mr. Edward Pennington",E24,0,1,S,male,PC 17476,42.0,708,0
3,9.475,"Ahlin, Mrs. Johan (Johanna Persdotter Larsson)",,1,0,S,female,7546,40.0,41,0
1,5.0,"Carlsson, Mr. Frans Olof",B51 B53 B55,0,0,S,male,695,33.0,873,0
3,7.925,"Salonen, Mr. Johan Werner",,0,0,S,male,3101296,39.0,529,0
1,26.55,"Stead, Mr. William Thomas",C87,0,0,S,male,113514,62.0,253,0
1,0.0,"Fry, Mr. Richard",B102,0,0,S,male,112058,,816,0
1,263.0,"Fortune, Miss. Mabel Helen",C23 C25 C27,3,1,S,female,19950,23.0,89,2
3,56.4958,"Lam, Mr. Ali",,0,1,S,male,1601,,693,0
3,46.9,"Goodwin, Mr. Charles Edward",,5,0,S,male,CA 2144,14.0,684,2
3,7.775,"Svensson, Mr. Johan",,0,0,S,male,347060,74.0,852,0
3,34.375,"Ford, Mrs. Edward (Margaret Ann Watson)",,1,0,S,female,W./C. 6608,48.0,737,3
2,13.0,"Garside, Miss. Ethel",,0,1,S,female,243880,34.0,577,0
2,21.0,"Cameron, Miss. Clear Annie",,0,1,S,female,F.C.C. 13528,35.0,212,0
2,26.0,"Weisz, Mrs. Leopold (Mathilde Francoise Pede)",,1,1,S,female,228414,29.0,134,0
3,7.775,"Persson, Mr. Ernst Ulrik",,1,1,S,male,347083,25.0,268,0
2,73.5,"Davies, Mr. Charles Henry",,0,0,S,male,S.O.C. 14879,18.0,386,0
2,21.0,"Turpin, Mrs. William John Robert (Dorothy Ann Wonnacott)",,1,0,S,female,11668,27.0,42,0
1,263.0,"Fortune, Mr. Mark",C23 C25 C27,1,0,S,male,19950,64.0,439,4
1,83.1583,"Potter, Mrs. Thomas Jr (Lily Alexenia Wilson)",C50,0,1,C,female,11767,56.0,880,1
3,14.4583,"Yousseff, Mr. Gerious",,0,0,C,male,2627,,496,0
3,14.4542,"Zabour, Miss. Hileni",,1,0,C,female,2665,14.5,112,0
3,14.4583,"Attalah, Miss. Malake",,0,0,C,female,2627,17.0,115,0
3,7.4958,"Sjoblom, Miss. Anna Sofia",,0,1,S,female,3101265,18.0,787,0
3,0.0,"Johnson, Mr. William Cahoone Jr",,0,0,S,male,LINE,19.0,303,0
1,79.65,"Taussig, Mrs. Emil (Tillie Mandelbaum)",E67,1,1,S,female,110413,39.0,559,1
2,24.0,"Abelson, Mrs. Samuel (Hannah Wizosky)",,1,1,C,female,P/PP 3381,28.0,875,0
3,7.8958,"Karaic, Mr. Milan",,0,0,S,male,349246,30.0,607,0
3,24.15,"Moran, Mr. Daniel J",,1,0,Q,male,371110,,769,0
3,8.05,"Morley, Mr. William",,0,0,S,male,364506,34.0,462,0
2,10.5,"Slemen, Mr. Richard James",,0,0,S,male,28206,35.0,813,0
1,110.8833,"Fleming, Miss. Margaret",,0,1,C,female,17421,,307,0
2,26.0,"Sharp, Mr. Percival James R",,0,0,S,male,244358,27.0,552,0
3,9.8458,"Gustafsson, Mr. Alfred Ossian",,0,0,S,male,7534,20.0,877,0
3,69.55,"Sage, Master. Thomas Henry",,8,0,S,male,CA. 2343,,160,2
3,7.775,"Birkeland, Mr. Hans Martin Monsen",,0,0,S,male,312992,21.0,409,0
1,50.4958,"Roebling, Mr. Washington Augustus II",A24,0,0,S,male,PC 17590,31.0,868,0
3,8.05,"Webber, Mr. James",,0,0,S,male,SOTON/OQ 3101316,,512,0
3,31.275,"Andersson, Miss. Ellis Anna Maria",,4,0,S,female,347082,2.0,120,2
3,17.4,"de Messemaeker, Mrs. Guillaume Joseph (Emma)",,1,1,S,female,345572,36.0,560,0
1,26.2875,"McGough, Mr. James Robert",E25,0,1,S,male,PC 17473,36.0,513,0
2,13.0,"Matthews, Mr. William John",,0,0,S,male,28228,30.0,419,0
1,57.9792,"Hippach, Miss. Jean Gertrude",B18,0,1,C,female,111361,16.0,330,1